Yahoo Stock Tickers,,,,,,,
http://investexcel.net,,,,,,,
,,,,,,,
Ticker,Name,Exchange,Country,Category Name,Category Number,,
VATSAEDU.BO,VATSA EDUCATIONS LTD.,BSE,India,,0,,Samir Khan
RES.TO,Rare Element Resources Ltd.,TOR,Canada,Conglomerates,210,,simulationconsultant@gmail.com
WELLNESS.BO,WELLNESS NONI LTD.,BSE,India,,0,,
WNGRF,George Weston Limited,PNK,USA,,0,,This ticker symbol list was downloaded from
ECV.L,Eco City Vehicles plc,LSE,UK,Auto Dealerships,744,,http://investexcel.net/all-yahoo-finance-stock-tickers/
RXNRP,REX ENERGY CORP,PNK,USA,,0,,and was updated in January 2016
HAL,Halliburton Company,NYQ,USA,Oil & Gas Equipment & Services,124,,
MCF,Contango Oil & Gas Company,ASE,USA,Independent Oil & Gas,121,,Please link to 
ADRO.JK,ADARO ENERGY TBK IDR100,JKT,Indonesia,,0,,http://investexcel.net/all-yahoo-finance-stock-tickers/
CASS,"Cass Information Systems, Inc.",NMS,USA,Business Services,760,,if you find this spreadsheet useful
YESB.BO,YESB CNV 15-OCT 600.00,BSE,India,,0,,
ORN.MX,L'OREAL,MEX,Mexico,,0,,
EUGFF,Dundee Energy Limited,PNK,USA,,0,,
BKS3.F,BBS KRAFTFAHRZG VZ,FRA,Germany,Auto Parts,333,,
M0X.F,MPLX,FRA,Germany,,0,,
5049@BN.KL,COUNTRY VIEW BHD,KLS,Malaysia,,0,,
9957.TWO,YUSCO,TWO,Taiwan,,0,,
XXNCC,DEL TACO RESTAURANT ,PNK,USA,,0,,
APH.MX,AMPHENOL-A,MEX,Mexico,,0,,
KAJ.DU,KAJIMA,DUS,Germany,General Contractors,636,,
1904.TW,Cheng Loong Corp.,TAI,Taiwan,Paper & Paper Products,324,,
MHN.L,Menhaden Capital,LSE,UK,,0,,
QTS.BE,QUINTILES TRANSNAT,BER,Germany,,0,,
VMPT,"VAMPT AMERICA, INC.",PNK,USA,,0,,
GGB,Gerdau S.A.,NYQ,USA,Steel & Iron,130,,
DNO.BE,DENSO,BER,Germany,Auto Parts,333,,
WM1.MU,WILLIAMS-SONOMA,MUN,Germany,"Specialty Retail, Other",745,,
WDI.EX,WIRECARD,EUX,Germany,,0,,
BRYAT.IS,Borusan Yatirim ve Pazarlama A.S.,IST,Turkey,,0,,
SFCL.NS,Star Ferro and Cement Limited,NSI,India,General Building Materials,634,,
PZBW,Plaza Bank,PNK,USA,Regional - Pacific Banks,416,,
7198.KL,DPS Resources Bhd,KLS,Malaysia,,0,,
RIGL,"Rigel Pharmaceuticals, Inc.",NMS,USA,Drugs - Generic,512,,
WGNR,Wegener Corp.,PNK,USA,,0,,
MXGFF,Maxim Power Corp.,PNK,USA,,0,,
ZAZ.IR,ZAMANO,ISE,UK,,0,,
SOFO,"Sonic Foundry, Inc.",NCM,Australia,Application Software,821,,
NOC,Northrop Grumman Corporation,NYQ,USA,Aerospace/Defense - Major Diversified,610,,
QC1.F,NY COMMTY BANCORP,FRA,Germany,Savings & Loans,419,,
4543.TWO,MAN ZAI,TWO,Taiwan,,0,,
TKECF,"Tokyo Electric Power Company, Incorporated",PNK,USA,,0,,
BBSI,Barrett Business Services Inc.,NMS,USA,Staffing & Outsourcing Services,764,,
PSAN.DE,"PSI Aktiengesellschaft für Produkte und Systeme der Informationstechnologie
",GER,Germany,Business Software & Services,826,,
GFOX,Gray Fox Petroleum Corp.,PNK,USA,Independent Oil & Gas,121,,
SWJ.L,John Swan & Sons plc,LSE,UK,,0,,
JRO,Nuveen Floating Rate Income Opportunity Fund,NYQ,USA,,0,,
XPL,Solitario Exploration & Royalty Corp.,ASE,USA,Gold,134,,
0960.HK,"Longfor Properties Co., Ltd.",HKG,Hong Kong,Property Management,448,,
VIGLF,VIGIL HEALTH SOLUT,PNK,USA,,0,,
LDNXF,London Stock Exchange Group plc,PNK,USA,,0,,
PPS,Post Properties Inc.,NYQ,USA,REIT - Residential,445,,
VRBCF,Virbac SA,PNK,USA,,0,,
CN.V,Condor Resources Inc.,VAN,Canada,Industrial Metals & Minerals,133,,
EPLAS.IS,Egeplast Ege Plastik Ticaret ve Sanayi Anonim Sirketi,IST,Turkey,,0,,
BRMEN.IS,Birlik Mensucat Ticaret ve Sanayi Isletmesi A.S.,IST,Turkey,,0,,
TVL.V,Traverse Energy Ltd.,VAN,Canada,Independent Oil & Gas,121,,
SIXN,Siouxland Energy and Livestock Cooperative,PNK,USA,,0,,
ORYYF,ORYX INTERNATIONAL,PNK,USA,,0,,
JAV2.F,ESSO THAILAND NVDR,FRA,Germany,Oil & Gas Refining & Marketing,122,,
GLDD,Great Lakes Dredge & Dock Corporation,NMS,USA,Heavy Construction,635,,
JDT.L,Jupiter Dividend & Growth Trust PLC,LSE,UK,,0,,
UANC.L,Urban&Civic; plc,LSE,UK,Real Estate Development,449,,
VNET,"21Vianet Group, Inc.",NMS,USA,Information Technology Services,824,,
SDP.L,Schroder Asia Pacific Ord,LSE,UK,,0,,
NG4.BE,NICHII GAKKAN,BER,Germany,Hospitals,524,,
ARL,American Realty Investors Inc.,NYQ,USA,Property Management,448,,
MBDE,Morris Business Development Company,PNK,USA,Business Services,760,,
MSN,Emerson Radio Corp.,ASE,USA,Electronic Equipment,314,,
NPV,Nuveen Virginia Premium Income Municipal Fund,NYQ,USA,,0,,
EDGA.SG,GOLD FIELDS,STU,Germany,Gold,134,,
VZ8.F,CHINA AVIATION OIL,FRA,Germany,Oil & Gas Refining & Marketing,122,,
UNQTYMI.BO,Union Quality Plastics Limited,BSE,India,,0,,
HRTFF,Harte Gold Corp.,PNK,USA,,0,,
JPAVF,JAPAN AVIATION ELECT,PNK,USA,,0,,
CHBH,"Croghan Bancshares, Inc.",PNK,USA,Regional - Midwest Banks,414,,
PHT,Pioneer High Income Trust,NYQ,USA,,0,,
BZM,BlackRock Maryland Municipal Bond Trust,ASE,USA,,0,,
ZEON.F,CANADIAN MINING,FRA,Germany,,0,,
TOM.HA,TOYOTA MOTOR,HAN,Germany,Auto Manufacturers - Major,330,,
HSBA.L,HSBC Holdings plc,LSE,UK,Money Center Banks,410,,
ICM.V,Iconic Minerals Ltd.,VAN,Canada,,0,,
WSPOF,WSP Global Inc.,PNK,USA,,0,,
716994.TWO,YUANTA SECURITIES C/W 18/08/15(,TWO,Taiwan,,0,,
CTX.MU,CITRIX SYSTEMS,MUN,Germany,Business Software & Services,826,,
03015X.TW,YUANTA SECURITIES C/W 22/02/16(,TAI,Taiwan,,0,,
IRNS,Ironstone Group Inc.,PNK,USA,Diversified Investments,423,,
81A.SG,AO WORLD,STU,Germany,,0,,
LGGNY,Legal & General Group Plc,PNK,USA,,0,,
GAP.BE,GAP,BER,Germany,Apparel Stores,730,,
TISI,"Team, Inc.",NYQ,USA,Business Services,760,,
ZPPOLYSA.BO,Planter's Polysacks Limited,BSE,India,Specialty Chemicals,113,,
MCGS.QA,Medicare Group Q.S.C.,DOH,Qatar,,0,,
FALC,Falconstor Software Inc.,NGM,Sweden,Application Software,821,,
XPL.L,XPLORER,LSE,UK,,0,,
BIND,"BIND Therapeutics, Inc.",NMS,USA,Biotechnology,515,,
CAPS,Capstone Therapeutics Corp.,PNK,USA,Biotechnology,515,,
FRMO,FRMO Corp.,PNK,USA,,0,,
LEG.AX,Legend Mining Limited,ASX,Australia,Industrial Metals & Minerals,133,,
NCX.V,NorthIsle Copper and Gold Inc.,VAN,Canada,Industrial Metals & Minerals,133,,
RSH.BE,RANDSTAD HOLDING,BER,Germany,Staffing & Outsourcing Services,764,,
SKM.F,SKY PER JSAT HLDGS,FRA,Germany,Broadcasting - TV,723,,
SHVLF,Starcore International Mines Ltd,PNK,USA,,0,,
KOBX.JK,KOBEXINDO TRACTORS IDR100,JKT,Indonesia,,0,,
HES,Hess Corporation,NYQ,USA,Independent Oil & Gas,121,,
KOA.BE,KONAMI HLDS,BER,Germany,Multimedia & Graphics Software,820,,
BYM,BlackRock Municipal Income Quality Trust,NYQ,USA,,0,,
TAPM,"Tapinator, Inc.",PNK,USA,,0,,
VVVFF,Versatile  Systems Inc.,PNK,USA,,0,,
CYU.AX,Chinalco Yunnan Copper Resources Limited,ASX,Australia,Copper,131,,
SEIGF,SEMPERIT AG HLDG,PNK,USA,,0,,
YFGSF,YAMAGUCHI FINANCIAL,PNK,USA,,0,,
MLZAM.PA,ZCCM Investments Holdings Plc,PAR,France,Copper,131,,
SOBI.ST,Swedish Orphan Biovitrum AB,STO,Sweden,Medical Laboratories & Research,525,,
EML.AX,Emerchants Limited,ASX,Australia,Business Services,760,,
ZONNF,NOS SGPS SA,PNK,USA,,0,,
EZCH.TA,EZchip Semiconductor Ltd.,TLV,Israel,,0,,
CAMT,Camtek Ltd.,NGM,Sweden,Semiconductor Equipment & Materials,834,,
TBNK,Territorial Bancorp Inc.,NMS,USA,Regional - Pacific Banks,416,,
HCA,"HCA Holdings, Inc.",NYQ,USA,Hospitals,524,,
NXT.V,Natcore Technology Inc.,VAN,Canada,Semiconductor - Broad Line,830,,
XL,XL Group plc,NYQ,USA,Property & Casualty Insurance,432,,
BRU.AX,Buru Energy Limited,ASX,Australia,Independent Oil & Gas,121,,
XIL.PA,Xilam Animation,PAR,France,Entertainment - Diversified,722,,
VNTV,"Vantiv, Inc.",NYQ,USA,Business Services,760,,
SKIS,"Peak Resorts, Inc.",NGM,Sweden,Sporting Activities,715,,
HLM-P,Hillman Group Capital Trust Pre,ASE,USA,,0,,
UTDI.F,UNITED INTERNET N ,FRA,Germany,Wireless Communications,840,,
LHA.F,DT.LUFTHANSA N,FRA,Germany,Major Airlines,770,,
MAP.MC,MAPFRE,MCE,Spain,,0,,
UGI.F,SUGI HOLDINGS,FRA,Germany,Drug Delivery,513,,
BZ.V,Benz Mining Corp.,VAN,Canada,Industrial Metals & Minerals,133,,
FMX,"Fomento Económico Mexicano, S.A.B de C.V
",NYQ,USA,Beverages - Brewers,346,,
003010.KS,Haein Corporation,KSC,Korea,,0,,
QNTO,Quaint Oak Bancorp Inc,PNK,USA,Regional - Northeast Banks,411,,
NAII,Natural Alternatives International Inc.,NGM,Sweden,Drug Related Products,514,,
JOC.V,Tenth Avenue Petroleum Corp.,VAN,Canada,Independent Oil & Gas,121,,
1250.HK,Beijing Enterprises Clean Energy Group Limited,HKG,Hong Kong,,0,,
ADMS,"Adamas Pharmaceuticals, Inc.",NGM,Sweden,Drugs - Generic,512,,
SATELENG.BO,Satellite Engineering Ltd.,BSE,India,,0,,
WLDN,"Willdan Group, Inc.",NGM,Sweden,Technical Services,767,,
BSRC,"BioSolar, Inc.",PNK,USA,Scientific & Technical Instruments,837,,
MMC,"Marsh & McLennan Companies, Inc.",NYQ,USA,Insurance Brokers,434,,
AMPG,"AmpliTech Group, Inc.",PNK,USA,Communication Equipment,841,,
OBL.F,OBIC,FRA,Germany,,0,,
SYPR,Sypris Solutions Inc.,NGM,Sweden,Auto Parts,333,,
ADES,"Advanced Emissions Solutions, Inc.",NCM,Australia,Pollution & Treatment Controls,623,,
YI2A.BE,JA SOLAR HLD SP ADR,BER,Germany,Diversified Utilities,913,,
CHD,Church & Dwight Co. Inc.,NYQ,USA,Cleaning Products,326,,
MAGNF,Magellan Minerals Limited,PNK,USA,,0,,
APN.AX,APN News & Media Ltd.,ASX,Australia,Entertainment - Diversified,722,,
SRE,Sempra Energy,NYQ,USA,Diversified Utilities,913,,
CAG.AX,CAPE RANGE FPO,ASX,Australia,,0,,
VGN.V,Greencastle Resources Ltd.,VAN,Canada,Independent Oil & Gas,121,,
EGLYO.IS,Egeli & Co Girisim Sermayesi Yatirim Ortakligi Anonim Sirketi,IST,Turkey,,0,,
RY-PD.TO,Royal Bank of Canada,TOR,Canada,Money Center Banks,410,,
FUJ1.DU,FUJITSU,DUS,Germany,Information Technology Services,824,,
VIH.DE,VIB Vermoegen AG,GER,Germany,Real Estate Development,449,,
KW,"Kennedy-Wilson Holdings, Inc.",NYQ,USA,Property Management,448,,
IIKKF,IINO KAIUN KAISHA LT,PNK,USA,,0,,
BVCL-EQ.NS,BARAK VALLEY CEMENTS LIMITED,NSI,India,,0,,
KLR.L,Keller Group plc,LSE,UK,General Contractors,636,,
SBHGF,"SBI Holdings, Inc.",PNK,USA,,0,,
TQBY,"Tabacalera Ysidron, Inc.",OBB,USA,,0,,
MAAJTL.BO,MAA JAGDAMBE TRADELINKS LIMITE,BSE,India,,0,,
MZ8.BE,MIZUHO FIN GROUP,BER,Germany,Money Center Banks,410,,
XCW.F,CATTOLICA ASS,FRA,Germany,Property & Casualty Insurance,432,,
CHKP,Check Point Software Technologies Ltd.,NMS,USA,Security Software & Services,823,,
EVM,Eaton Vance California Municipal Bond Fund,ASE,USA,,0,,
RPG.AX,Raptis Group Limited,ASX,Australia,Real Estate Development,449,,
VERTU.IS,Verusaturk Girisim Sermayesi Yatirim Ortakligi A.S.,IST,Turkey,,0,,
DEZ.DE,Deutz AG,GER,Germany,Diversified Machinery,622,,
SSE.L,SSE plc,LSE,UK,Diversified Utilities,913,,
OLY1.F,OLYMPUS,FRA,Germany,Medical Instruments & Supplies,520,,
DZX.SG,Minera IRL Limited,STU,Germany,Industrial Metals & Minerals,133,,
HNM.F,ORMAT TECHNOLOGIES,FRA,Germany,Diversified Utilities,913,,
FLEX,Flextronics International Ltd.,NMS,USA,Printed Circuit Boards,835,,
MVBF,MVB Financial Corp.,PNK,USA,,0,,
XGRA9.BA,ROSARIO ADM SOC FI CP 25/10/16 ,BUE,Argentina,,0,,
AZJ.AX,Aurizon Holdings Limited,ASX,Australia,,0,,
011780.KS,Kumho Petrochemical Co. Ltd.,KSC,Korea,,0,,
JPLZW,JPMORGAN CHASE BK LO,PNK,USA,,0,,
VJET.SW,VOXELJET SP ADS,EBS,Austria,,0,,
VENUSREM.NS,Venus Remedies Ltd.,NSI,India,Drug Manufacturers - Major,510,,
YZCFF,YIZHENG CHEMICAL FIB,PNK,USA,,0,,
DXPE,"DXP Enterprises, Inc.",NMS,USA,Industrial Equipment Wholesale,752,,
JSI.L,Jiasen International Holdings Limited,LSE,UK,Home Furnishings & Fixtures,311,,
000150.KS,Doosan Corporation,KSC,Korea,,0,,
UBMN.L,UBM I14 NP,LSE,UK,,0,,
TTHI,Transition Therapeutics Inc.,NGM,Sweden,Biotechnology,515,,
PZG,Paramount Gold Nevada Corp.,ASE,USA,Industrial Metals & Minerals,133,,
QACM.HM,4.875 BARCLAYS NCCP,HAM,Germany,,0,,
2282.HK,MGM China Holdings Limited,HKG,Hong Kong,,0,,
GWW.SG,WW GRAINGER,STU,Germany,Industrial Equipment Wholesale,752,,
26P.BE,PFENEX,BER,Germany,,0,,
ENRT,Enertopia Corp.,PNK,USA,,0,,
PG8.F,PLAINS GP HLDGS-A,FRA,Germany,,0,,
WJXFF,Wajax Corporation,PNK,USA,,0,,
VG8.BE,VARENGOLD BANK,BER,Germany,Money Center Banks,410,,
LOOK,"LookSmart, Ltd.",NCM,Australia,,0,,
TMAS.JK,PELAYARAN TEMPURAN IDR125,JKT,Indonesia,,0,,
011560.KQ,Sebo Manufacturing Engineering Corp.,KOE,South Korea,,0,,
RDCM,Radcom Ltd.,NCM,Australia,Computer Peripherals,815,,
JUTHA.BK,Jutha Maritime Public Company Limited,SET,Thailand,,0,,
SHSH,Shoshone Silver/Gold Mining Company,PNK,USA,Silver,135,,
FREA.F,FRESENIUS SP ADR,FRA,Germany,,0,,
SBM.AX,ST Barbara Ltd.,ASX,Australia,Gold,134,,
VPC.AX,Velpic Limited,ASX,Australia,Technical & System Software,822,,
RAFI,Regency Affiliates Inc.,PNK,USA,,0,,
YCP.DU,CONOCOPHILLIPS,DUS,Germany,Independent Oil & Gas,121,,
SNFCA,Security National Financial Corp.,NGM,Sweden,Credit Services,424,,
NWYF,Northway Financial Inc.,PNK,USA,Regional - Northeast Banks,411,,
ALV.DE,Allianz SE,GER,Germany,Property & Casualty Insurance,432,,
BIW.DU,KWG KOMMUNALE WOHNE,DUS,Germany,Property Management,448,,
G1V.BE,COAL OF AFRICA,BER,Germany,Industrial Metals & Minerals,133,,
AMZN,"Amazon.com, Inc.",NMS,USA,Catalog & Mail Order Houses,739,,
SBMRF,SABMiller plc,PNK,USA,,0,,
GND.PA,Norbert Dentressangle S.A.,PAR,France,Air Delivery & Freight Services,773,,
ZP8.MU,ZHAOPIN SP ADS-A,MUN,Germany,,0,,
IU2.MU,YARA INTERNATIONAL,MUN,Germany,Chemicals - Major Diversified,110,,
VBL.BE,VIRGIN AUSTRA,BER,Germany,,0,,
XUN.F,SHUN TAK HLDGS,FRA,Germany,Air Delivery & Freight Services,773,,
CTY.TO,Calian Technologies Ltd.,TOR,Canada,Staffing & Outsourcing Services,764,,
TBLMY,Tiger Brands Limited,PNK,USA,,0,,
CSC,Computer Sciences Corporation,NYQ,USA,Information Technology Services,824,,
1616.HK,Silverman Holdings Limited,HKG,Hong Kong,,0,,
YBA.F,BANCORPSOUTH,FRA,Germany,Regional - Midwest Banks,414,,
ZVR.F,SOLAR A/S,FRA,Germany,Electronics Wholesale,753,,
AAU,Almaden Minerals Ltd.,ASE,USA,Gold,134,,
DAI.DE,Daimler AG,GER,Germany,Auto Manufacturers - Major,330,,
RYN.MX,Royal Bank of Canada,MEX,Mexico,Money Center Banks,410,,
OVT.V,Oculus VisionTech Inc.,VAN,Canada,,0,,
STL,Sterling Bancorp.,NYQ,USA,Money Center Banks,410,,
QGOLDHALF.NS,Quantum Gold ETF,NSI,India,,0,,
WPC.L,Witan Pacific Ord,LSE,UK,,0,,
JPTXF,JAPAN PETRO EXPL CO,PNK,USA,,0,,
TMEB,"Terme Bancorp, Inc.",PNK,USA,,0,,
03048X.TW,YUANTA SECURITIES C/W 04/06/16(,TAI,Taiwan,,0,,
HRH.V,Hillcrest Petroleum Ltd.,VAN,Canada,Industrial Metals & Minerals,133,,
ARHVF,Archer Limited,PNK,USA,,0,,
UIHC,United Insurance Holdings Corp.,NCM,Australia,Property & Casualty Insurance,432,,
QY1.F,QUALITY SYSTEMS,FRA,Germany,Healthcare Information Services,825,,
KOFL.MX,Coca-Cola FEMSA S.A.B de C.V.,MEX,Mexico,Beverages - Soft Drinks,348,,
KMGLF,Asiamet Resources Limited,PNK,USA,,0,,
AV-UN.TO,Aston Hill Advantage VIP Income Fund,TOR,Canada,,0,,
OPE.MU,OMEGA PROTEIN,MUN,Germany,Food - Major Diversified,340,,
HH,Hooper Holmes Inc.,ASE,USA,Specialized Health Services,528,,
AXST,Axesstel Inc.,PNK,USA,,0,,
SAJA,"Sajan, Inc.",NCM,Australia,Processing Systems & Products,842,,
NLB1.DE,Nobel Biocare Holding AG,GER,Germany,,0,,
BKUT,Bank of Utica,PNK,USA,,0,,
3063-OL.HK,X DBCSI300TRANS,HKG,Hong Kong,,0,,
LXK,Lexmark International Inc.,NYQ,USA,Computer Based Systems,812,,
PRTY,Party City Holdco Inc.,NYQ,USA,"Specialty Retail, Other",745,,
SSL,Sasol Ltd.,NYQ,USA,Major Integrated Oil & Gas,120,,
PP1.MU,PAPA JOHNS INTL,MUN,Germany,Restaurants,712,,
21X.F,PROMETH WORLD,FRA,Germany,,0,,
0885.HK,Rentian Technology Holdings Limited,HKG,Hong Kong,Air Delivery & Freight Services,773,,
BGH,Babson Capital Global Short Duration High Yield Fund,NYQ,USA,,0,,
AVID,"Avid Technology, Inc.",NMS,USA,Multimedia & Graphics Software,820,,
QU8.SG,QUNAR CAYM SP ADS-B,STU,Germany,,0,,
GWO-PQ.TO,GREAT WEST LIFECO PREF SER Q,TOR,Canada,,0,,
RY4C.IR,RYANAIR HLDGS,ISE,UK,,0,,
8107.TWO,KENMOS TECHNOLOGY TWD10,TWO,Taiwan,,0,,
VTC.L,The Vitec Group plc,LSE,UK,Communication Equipment,841,,
716156.TWO,JIH SUN SECURITIES C/W 27/07/15,TWO,Taiwan,,0,,
000040.KS,"KR Motors Co., Ltd.",KSC,Korea,,0,,
CS.PA,AXA Group,PAR,France,Property & Casualty Insurance,432,,
OCI1.DE,"Actividades de Construcción y Servicios, S.A.",GER,Germany,General Contractors,636,,
YOHOF,Yoho Resources Inc.,PNK,USA,,0,,
WIMHF,William Hill plc,PNK,USA,,0,,
GCHE.ME,Public Joint Stock Company Cherkizovo Group,MCX,India,,0,,
USCS,USCorp,PNK,USA,Gold,134,,
O5H.DE,OpenLimit Holding AG,GER,Germany,Business Software & Services,826,,
BK-PC,Bank Of New York Mellon Corpora,NYQ,USA,,0,,
BVWN,"Broadview Networks Holdings, Inc.",PNK,USA,,0,,
ASG,"Liberty All-Star Growth Fund, Inc.",NYQ,USA,,0,,
N9M.MU,NAUTILUS MINERALS,MUN,Germany,Industrial Metals & Minerals,133,,
FLIC,The First of Long Island Corporation,NCM,Australia,Regional - Northeast Banks,411,,
CBA,ClearBridge American Energy MLP Fund Inc.,NYQ,USA,,0,,
HNT,"Health Net, Inc.",NYQ,USA,Health Care Plans,522,,
003960.KS,Sajodaerim Corporation,KSC,Korea,,0,,
K1Q.SI,T T J Holdings Limited,SES,Singapore,General Contractors,636,,
ZENTEC-EQ.NS,ZEN TECHNOLOGIES LIMITED,NSI,India,,0,,
NFTGF,"NuFlare Technology, Inc.",PNK,USA,,0,,
IIN,Intricon Corp.,NGM,Sweden,Industrial Electrical Equipment,627,,
XIA.V,Xiana Mining Inc.,VAN,Canada,,0,,
ROCEF,Lithium X Energy Corp.,PNK,USA,,0,,
JTNB,"JTNB Bancorp, Inc.",PNK,USA,,0,,
AMDA,Amedica Corporation,NCM,Australia,Medical Appliances & Equipment,521,,
YAMCY,Yamaha Corporation,PNK,USA,,0,,
CNOB,"ConnectOne Bancorp, Inc.",NMS,USA,Regional - Northeast Banks,411,,
NWCN,"Network CN, Inc.",PNK,USA,,0,,
716552.TWO,JIH SUN SECURITIES C/W 24/08/15,TWO,Taiwan,,0,,
VRCI,"Verde Science, Inc.",PNK,USA,,0,,
MEXCHEM.MX,"Mexichem, S.A.B. de C.V.",MEX,Mexico,Chemicals - Major Diversified,110,,
SHLD,Sears Holdings Corporation,NMS,USA,Department Stores,731,,
PM6.F,POLYMETAL INTL,FRA,Germany,,0,,
DISI.TA,Discount Investment Corporation Limited,TLV,Israel,,0,,
JD,"JD.com, Inc.",NMS,USA,Internet Information Providers,851,,
LTEL3BF.SA,LITEL       ON      MB,SAO,Brazil,,0,,
VTL,"Vital Therapies, Inc.",NMS,USA,Biotechnology,515,,
UNQ.DU,UBM,DUS,Germany,Marketing Services,721,,
7122@BN.KL,YFG BERHAD,KLS,Malaysia,,0,,
0826.HK,"Tiangong International Company, Limited",HKG,Hong Kong,Steel & Iron,130,,
QD4.F,QUANTUM ENERGY,FRA,Germany,Home Furnishings & Fixtures,311,,
WGEE,WGE Holdings Corp.,PNK,USA,,0,,
7KL.BE,KULA GOLD,BER,Germany,,0,,
NRM.SG,INSURANCE AUST GRP,STU,Germany,Property & Casualty Insurance,432,,
JAYBARMAR.NS,Jay Bharat Maruti Limited,NSI,India,Auto Parts,333,,
LCDX,"Caliber Imaging & Diagnostics, Inc.",PNK,USA,Medical Appliances & Equipment,521,,
JIX.F,JIANGXI COPPER -H-,FRA,Germany,Industrial Metals & Minerals,133,,
QUS.F,QUESTAR CORP,FRA,Germany,Gas Utilities,912,,
GTOMY,Gemalto NV,PNK,USA,,0,,
DIP0.BA,ARGENTINA(REP OF) 5.83% DISC NT,BUE,Argentina,,0,,
KIN2.DE,Kinross Gold Corporation,GER,Germany,Gold,134,,
HSPG.OL,Høland og Setskog Sparebank,OSL,Norway,Money Center Banks,410,,
ZNHH.BE,CHINA SOUTHN AIR-H-,BER,Germany,Major Airlines,770,,
EFII,"Electronics for Imaging, Inc.",NMS,USA,Computer Peripherals,815,,
UTG.L,Unite Group plc,LSE,UK,Property Management,448,,
MJNA,"Medical Marijuana, Inc.",PNK,USA,,0,,
QSC.DE,QSC  AG,GER,Germany,Wireless Communications,840,,
PFH,Cabco Tr Jcp 7.625 Common Stock,NYQ,USA,,0,,
GOI3.F,FDG ELECTRIC VEHICL,FRA,Germany,,0,,
NHLD,National Holdings Corporation,NCM,Australia,Investment Brokerage - Regional,421,,
3709.HK,Koradior Holdings Limited,HKG,Hong Kong,,0,,
CVI,"CVR Energy, Inc.",NYQ,USA,Oil & Gas Refining & Marketing,122,,
KEL.TO,Kelt Exploration Ltd.,TOR,Canada,Independent Oil & Gas,121,,
AAV.TO,Advantage Oil & Gas Ltd.,TOR,Canada,Independent Oil & Gas,121,,
PAR.ST,PA Resources AB,STO,Sweden,,0,,
TNK,Teekay Tankers Ltd.,NYQ,USA,Shipping,775,,
CH1A.SG,C.H.ROBINSON WLDWDE,STU,Germany,Air Delivery & Freight Services,773,,
PLI.TO,ProMetic Life Sciences Inc.,TOR,Canada,Biotechnology,515,,
SGMO,Sangamo Biosciences Inc.,NMS,USA,Biotechnology,515,,
DU4.SI,Mermaid Maritime Public Company Limited,SES,Singapore,Oil & Gas Equipment & Services,124,,
MTP,Midatech Pharma Plc,NCM,Australia,,0,,
UMPQ,Umpqua Holdings Corporation,NMS,USA,Regional - Pacific Banks,416,,
GRBS,Greer Bancshares Incorporated,PNK,USA,Savings & Loans,419,,
71942P.TWO,YUANTA SECURITIES P/W 16/10/15(,TWO,Taiwan,,0,,
UBK.HM,UMWELTBANK ,HAM,Germany,,0,,
DOR.L,DORIEMUS,LSE,UK,,0,,
WSMTF,Westminster Group Plc,PNK,USA,,0,,
LEON,"Leone Asset Management, Inc.",PNK,USA,,0,,
YX3F.EX,YOOX NETAPORT,EUX,Germany,,0,,
XCIA.F,CHINA UN HK SP ADR,FRA,Germany,Wireless Communications,840,,
VLE.MU,VALERO ENERGY,MUN,Germany,Oil & Gas Refining & Marketing,122,,
FTS-PK.TO,FORTIS INC PREF SERIES K,TOR,Canada,,0,,
XHSA.DU,HOMESERVE,DUS,Germany,Business Services,760,,
ZIM.BE,ZIMMER BIOMET HLDGS,BER,Germany,Medical Appliances & Equipment,521,,
NONOF,Novo Nordisk A/S,PNK,USA,,0,,
C-PP,Citigroup Inc. Dep Shs Repstg 1,NYQ,USA,,0,,
721997.TWO,YUANTA SECURITIES C/W 07/07/16(,TWO,Taiwan,,0,,
ITC.TO,Intrinsyc Technologies Corporation,TOR,Canada,Technical & System Software,822,,
EGY,Vaalco Energy Inc.,NYQ,USA,Independent Oil & Gas,121,,
VV0.F,VICTORY VENTURES,FRA,Germany,,0,,
721669.TWO,YUANTA SECURITIES C/W 16/05/16(,TWO,Taiwan,,0,,
KURA,"Kura Oncology, Inc.",NMS,USA,,0,,
8092.TWO,CHIEN WEI PRECISE TWD10,TWO,Taiwan,,0,,
WDI.SW,WIRECARD,EBS,Austria,,0,,
RVTI,Rival Technologies Inc.,PNK,USA,,0,,
SSS,Sovran Self Storage Inc.,NYQ,USA,REIT - Industrial,444,,
JE9N.F,ARIANNE PHOSPHATE,FRA,Germany,Industrial Metals & Minerals,133,,
ZCT1.DE,Zimtu Capital Corp.,GER,Germany,Asset Management,422,,
4GN.MU,WAL-MART-V,MUN,Germany,"Discount, Variety Stores",732,,
FGOVF,Freegold Ventures Ltd.,PNK,USA,,0,,
ONFC,Oneida Financial Corp.,NGM,Sweden,,0,,
SHL.AX,Sonic Healthcare Limited,ASX,Australia,Hospitals,524,,
5264.TW,Casetek Holdings Limited,TAI,Taiwan,,0,,
MBUMY,Mabuchi Motor Co. Ltd.,PNK,USA,,0,,
AAH3.BE,AHLERS VZ,BER,Germany,Textile - Apparel Clothing,320,,
GLUX,"Great Lakes Aviation, Ltd.",PNK,USA,Regional Airlines,771,,
NIK.V,Nikos Explorations Ltd.,VAN,Canada,Industrial Metals & Minerals,133,,
HARI,"Harvard Illinois Bancorp, Inc.",PNK,USA,Regional - Midwest Banks,414,,
ENDV,"Endonovo Therapeutics, Inc.",PNK,USA,Mortgage Investment,447,,
CDOM,"Tiger X Medical, Inc.",PNK,USA,Management Services,769,,
QTM.AX,Quantum Energy Ltd.,ASX,Australia,Home Furnishings & Fixtures,311,,
SERV,"ServiceMaster Global Holdings, Inc.",NYQ,USA,Business Services,760,,
STIE,Santaro Interactive Entertainment Company,PNK,USA,Multimedia & Graphics Software,820,,
0775.HK,"CK Life Sciences Int'l., (Holdings) Inc.",HKG,Hong Kong,Biotechnology,515,,
4J2.BE,JONES LANG LASALLE,BER,Germany,Property Management,448,,
TTI,"TETRA Technologies, Inc.",NYQ,USA,Oil & Gas Equipment & Services,124,,
9188.TW,Yorkey Optical International (Cayman) Ltd.,TAI,Taiwan,Diversified Electronics,836,,
DCOU,Discount Coupons Corporation,PNK,USA,Business Services,760,,
ENP.V,ENPAR Technologies Inc.,VAN,Canada,Pollution & Treatment Controls,623,,
ANL.F,ANALOG DEVICES,FRA,Germany,Semiconductor - Broad Line,830,,
44RS.L,Santander UK Group Holdings plc,LSE,UK,,0,,
GDLNF,Greenland Minerals and Energy Limited,PNK,USA,,0,,
RNWEY,REC Silicon ASA,PNK,USA,,0,,
3029-OL.HK,X XIE MALAY,HKG,Hong Kong,,0,,
GPOR.L,Great Portland Estates plc,LSE,UK,REIT - Diversified,440,,
8250-OL.HK,SILK RD ENERGY,HKG,Hong Kong,,0,,
ESDI,"Eastside Distilling, Inc.",PNK,USA,Beverages - Wineries & Distillers,347,,
AYS.AX,amaysim Australia Limited,ASX,Australia,Wireless Communications,840,,
BG,Bunge Limited,NYQ,USA,Farm Products,341,,
TRU,TransUnion,NYQ,USA,Business Services,760,,
TXRX3F.SA,TEX RENAUX  ON,SAO,Brazil,,0,,
ORC,"Orchid Island Capital, Inc.",NYQ,USA,,0,,
ASL.L,Aberforth Smaller Companies Ord,LSE,UK,,0,,
XKE,Lehman ABS Corporation Corporat,NYQ,USA,,0,,
3052-OL.HK,X DBCSI300UTIL,HKG,Hong Kong,,0,,
FMC1.DE,Ford Motor Co.,GER,Germany,Auto Manufacturers - Major,330,,
WCUI,"Wellness Center USA, Inc.",PNK,USA,,0,,
LLTC,Linear Technology Corporation,NMS,USA,Semiconductor - Specialized,832,,
YFI.V,"Edgewater Wireless Systems, Inc.",VAN,Canada,Communication Equipment,841,,
5159.KL,Yoong Onn Corporation Berhad,KLS,Malaysia,,0,,
QCQ.F,CORDY OILFIELD SVCS,FRA,Germany,General Contractors,636,,
UBR.V,Uragold Bay Resources Inc.,VAN,Canada,Industrial Metals & Minerals,133,,
CACB,Cascade Bancorp,NCM,Australia,Regional - Pacific Banks,416,,
HRO.F,HIROSE ELECTRIC CO,FRA,Germany,Diversified Electronics,836,,
ON.V,"OneRoof Energy Group, Inc.",VAN,Canada,Credit Services,424,,
NCZ,AllianzGI Convertible & Income Fund II,NYQ,USA,,0,,
DCA,Virtus Total Return Fund,NYQ,USA,,0,,
GAHC,"Global Arena Holding, Inc.",OBB,USA,Investment Brokerage - National,420,,
XEN.MU,INTEX RESOURCES,MUN,Germany,Industrial Metals & Minerals,133,,
YGGYO.IS,Yeni Gimat Gayrimenkul Yatirim Ortakligi A.S.,IST,Turkey,,0,,
40JP.L,CAIXA GERAL FIN NCP,LSE,UK,,0,,
XAE2.BE,CATALIS,BER,Germany,,0,,
YIPI,"Yippy, Inc.",PNK,USA,,0,,
WL4N.F,INV METALS,FRA,Germany,,0,,
BBEPP,Breitburn Energy Partners LP,NMS,USA,,0,,
YTMF01.AX,THETAASSET ACBCAMP18,ASX,Australia,,0,,
AFBOF,AFRICAN RAINBOW MINE,PNK,USA,,0,,
RBAZ,"RepublicBankAz, N.A.",PNK,USA,,0,,
DYDIF,DYDO DRINCO INC,PNK,USA,,0,,
RBS-PS,Royal Bank of Scotland Group Pl,NYQ,USA,,0,,
BPLD.BA,BUENOS AIRES(PROV) 2%-VAR NTS 1,BUE,Argentina,,0,,
AVXL,Anavex Life Sciences Corp.,NCM,Australia,Biotechnology,515,,
AI.TO,Atrium Mortgage Investment Corporation,TOR,Canada,Mortgage Investment,447,,
EVOK,"Evoke Pharma, Inc.",NCM,Australia,Drugs - Generic,512,,
SMME,"SmartMetric, Inc.",PNK,USA,Security & Protection Services,765,,
VAPO,VAPORIN INC.,OBB,USA,,0,,
G09.F,GENOMIC VISION,FRA,Germany,,0,,
RLD,RealD Inc.,NYQ,USA,"Movie Production, Theaters",726,,
019440.KS,"SeAH Special Steel Co., Ltd.",KSC,Korea,,0,,
SWK,"Stanley Black & Decker, Inc.",NYQ,USA,Machine Tools & Accessories,624,,
TRMLF,Tourmaline Oil Corp.,PNK,USA,,0,,
EPXY,"Epoxy, Inc.",PNK,USA,,0,,
BIOM,"Biomimix, Inc.",PNK,USA,,0,,
KYSEY,"Kyushu Electric Power Company, Incorporated",PNK,USA,,0,,
KJ7.SI,db x-trackers - MSCI Indonesia Index UCITS ETF,SES,Singapore,,0,,
6540.TWO,JHL,TWO,Taiwan,,0,,
WKH.BE,WAI KEE HLDGS,BER,Germany,General Contractors,636,,
VAC,Marriott Vacations Worldwide Corp.,NYQ,USA,Resorts & Casinos,711,,
IMMU,Immunomedics Inc.,NGM,Sweden,Biotechnology,515,,
NNL.F,MONEX GROUP,FRA,Germany,Investment Brokerage - National,420,,
STDY,SteadyMed Ltd.,NGM,Sweden,Drugs - Generic,512,,
V3V.SG,VITA 34 N,STU,Germany,Biotechnology,515,,
BKCT,"DTS8 Coffee Company, Ltd.",OBB,USA,Food Wholesale,757,,
QPACW,Quinpario Acquisition Corp. 2,NCM,Australia,,0,,
HIFH.HM,CHINA SHIP DEVL -H-,HAM,Germany,,0,,
GLOB,Globant S.A.,NYQ,USA,Information Technology Services,824,,
ONIN,"Online Internet Network, Inc.",PNK,USA,,0,,
ROTH,"PharmaRoth Labs, Inc.",PNK,USA,,0,,
TYPFF,TYPHOON EXPLORATION,PNK,USA,,0,,
DJPHF,"DYNAM Japan Holdings Co., Ltd.",PNK,USA,,0,,
YI2A.MU,JA SOLAR HLD SP ADR,MUN,Germany,Diversified Utilities,913,,
ABAN.BO,ABAN OFFSHORE LTD.,BSE,India,,0,,
VRTC,"Veritec, Inc.",PNK,USA,,0,,
PLAB,Photronics Inc.,NMS,USA,Semiconductor Equipment & Materials,834,,
DIR-UN.TO,DREAM INDUSTRIAL REIT,TOR,Canada,,0,,
ELAL.TA,El Al Israel Airlines Ltd.,TLV,Israel,,0,,
JACK,Jack in the Box Inc.,NMS,USA,Restaurants,712,,
EUYO.IS,Euro Menkul Kiymet Yatirim Ortakligi AS,IST,Turkey,,0,,
ANSA.IS,Ansa Yatirim Holding A.S.,IST,Turkey,,0,,
1297.HK,Sinosoft Technology Group Limited,HKG,Hong Kong,,0,,
APGA,American Paramount Gold Corp.,PNK,USA,Industrial Metals & Minerals,133,,
BZF1.F,VMWARE-A,FRA,Germany,Business Software & Services,826,,
URZ.TO,Uranerz Energy Corp.,TOR,Canada,,0,,
NXK,Nuveen New York Dividend Advantage Municipal Fund 2,ASE,USA,,0,,
OFSA3.SA,Ouro Fino Saúde Animal Participações S.A.,SAO,Brazil,,0,,
FRPC,First Republic Corp. of America,PNK,USA,,0,,
RBS-PF,Royal Bank of Scotland Group Pl,NYQ,USA,,0,,
SNFRF,Sinofert Holdings Ltd.,PNK,USA,,0,,
QMDT,Quick-Med Technologies Inc.,PNK,USA,Biotechnology,515,,
DGRLY,Delek Group Ltd.,PNK,USA,,0,,
RIO,Rio Tinto plc,NYQ,USA,Industrial Metals & Minerals,133,,
BAMXF,Bayerische Motoren Werke Aktiengesellschaft,PNK,USA,,0,,
ACG.AX,AtCor Medical Holdings Limited.,ASX,Australia,Medical Appliances & Equipment,521,,
QGJ.F,EVERCORE PARTNERS-A,FRA,Germany,,0,,
KPELY,Keppel Corporation Limited,PNK,USA,,0,,
2ZXA.BE,CHINA ZENIX SO ADS,BER,Germany,,0,,
NCI,Navigant Consulting Inc.,NYQ,USA,Management Services,769,,
PAOR.PA,Rothschild & Co SCA,PAR,France,Investment Brokerage - National,420,,
TDC.BE,TAC,BER,Germany,,0,,
REV,"Revlon, Inc.",NYQ,USA,Personal Products,323,,
ZVR.BE,SOLAR A/S,BER,Germany,Electronics Wholesale,753,,
UNV.AX,Universal Coal plc,ASX,Australia,Industrial Metals & Minerals,133,,
HZJ.MU,HEIWA REAL ESTATE,MUN,Germany,Property Management,448,,
UX2A.F,XPO LOGISTICS,FRA,Germany,,0,,
SLGYY,San Leon Energy Plc,PNK,USA,,0,,
6899.HK,Ourgame International Holdings Limited,HKG,Hong Kong,,0,,
ECR,Eclipse Resources Corporation,NYQ,USA,Independent Oil & Gas,121,,
WI4.F,WEICHAI POWER -H-,FRA,Germany,Diversified Machinery,622,,
LUNA,Luna Innovations Incorporated,NCM,Australia,Scientific & Technical Instruments,837,,
NSCTD,Cipherloc Corporation,PNK,USA,,0,,
IGEN,IGEN Networks Corp.,PNK,USA,Internet Service Providers,850,,
CJRCF,CHINA RESOURCES CEME,PNK,USA,,0,,
KMRCF,KOMORI CORP,PNK,USA,,0,,
HOUM,Hotel Outsource Management International Inc.,PNK,USA,,0,,
YPPN,Yappn Corp.,PNK,USA,Conglomerates,210,,
133716.L,XEROS TECH GR,LSE,UK,,0,,
WFC.MX,Wells Fargo & Company,MEX,Mexico,Money Center Banks,410,,
THVB,Thomasville Bancshares Inc.,PNK,USA,,0,,
M04.BE,MGM CHINA HLDGS,BER,Germany,,0,,
BWEN,"Broadwind Energy, Inc.",NCM,Australia,Diversified Machinery,622,,
PJF.L,The Prospect Japan Fund Limited,LSE,UK,,0,,
TX,Ternium S.A.,NYQ,USA,Steel & Iron,130,,
KLSB.ME,Kaluga Power Sale Company Open Joint-Stock Company,MCX,India,,0,,
AAB.TO,Aberdeen International Inc.,TOR,Canada,Asset Management,422,,
CMN,Cantel Medical Corp.,NYQ,USA,Medical Instruments & Supplies,520,,
GGRGF,Groupe Gorgé SA,PNK,USA,,0,,
G41.SI,G. K. Goh Holdings Limited,SES,Singapore,Investment Brokerage - National,420,,
TOYMO.SW,TOYOTA MOTOR,EBS,Austria,,0,,
K90.BE,LOOMIS B-,BER,Germany,Business Services,760,,
OHB.DE,OHB SE,GER,Germany,Aerospace/Defense - Major Diversified,610,,
MKRYF,Manitok Energy Inc.,PNK,USA,,0,,
KMOL.AT,Karamolengos Bakery Industry S.A.,ATH,Greece,Grocery Stores,734,,
PSSEF,PONSSE OY,PNK,USA,,0,,
ABR,Arbor Realty Trust Inc.,NYQ,USA,REIT - Diversified,440,,
MLC.L,Millennium & Copthorne Hotels plc,LSE,UK,Lodging,710,,
BF5B.BE,BROWN NON VTG-B,BER,Germany,Beverages - Wineries & Distillers,347,,
SQNM,Sequenom Inc.,NMS,USA,Biotechnology,515,,
JAH,Jarden Corp.,NYQ,USA,Housewares & Accessories,312,,
LFC,China Life Insurance Co. Ltd.,NYQ,USA,Life Insurance,430,,
MBLX,"Metabolix, Inc.",NCM,Australia,Specialty Chemicals,113,,
CLTS,Earth Life Sciences Inc,PNK,USA,,0,,
137817.L,GCP STUDENT CP,LSE,UK,,0,,
VAI.F,VAIL RESORTS,FRA,Germany,,0,,
LPTH,"LightPath Technologies, Inc.",NCM,Australia,Industrial Electrical Equipment,627,,
TXRX4F.SA,TEX RENAUX  PN,SAO,Brazil,,0,,
SBUX.MX,Starbucks Corporation,MEX,Mexico,Restaurants,712,,
011170.KS,Lotte Chemical Corporation,KSC,Korea,,0,,
MUTHTFN.BO,Muthoot Capital Services Ltd.,BSE,India,Credit Services,424,,
OLB.HM,OLDENBURG LANDESBK,HAM,Germany,,0,,
SGFEF,Siegfried Holding AG,PNK,USA,,0,,
PKT,"Procera Networks, Inc.",NMS,USA,,0,,
ZTA.AX,Zeta Petroleum PLC,ASX,Australia,,0,,
SKT.AX,Sky Network Television Ltd.,ASX,Australia,CATV Systems,725,,
SKVY,Sentry Technology Corp.,PNK,USA,,0,,
LVNTA,Liberty Ventures,NMS,USA,Catalog & Mail Order Houses,739,,
T98.F,WRIGHT MEDICAL GR,FRA,Germany,,0,,
DTV,DIRECTV,NMS,USA,,0,,
AFR.AX,African Energy Resources Limited,ASX,Australia,Industrial Metals & Minerals,133,,
YB2P.F,CN VANGUARD,FRA,Germany,,0,,
RRD,R.R. Donnelley & Sons Company,NMS,USA,Business Services,760,,
NYT.MU,NEW YORK TIMES -A-,MUN,Germany,Publishing - Newspapers,727,,
XENA.TA,Xenia Venture Capital Ltd,TLV,Israel,,0,,
QB3.F,QUEBECOR INC  -B-,FRA,Germany,,0,,
DRAL.TA,Dor Alon Energy In Israel (1988) Ltd.,TLV,Israel,,0,,
FORN.SW,FORBO HLDG N,EBS,Austria,,0,,
NPT.NZ,NPT Limited Ordinary Shares,NZE,New Zealand,,0,,
P6NN.SG,OPEXA THERAPEUTICS,STU,Germany,,0,,
XKI.BE,KBL MINING,BER,Germany,Industrial Metals & Minerals,133,,
XY8.F,BW OFFSHORE,FRA,Germany,,0,,
CZICF,Canadian Zinc Corp.,OBB,USA,,0,,
ACR.DE,Accor S.A.,GER,Germany,Lodging,710,,
BLD-WI,TopBuild Corp. Common Stock Whe,NYQ,USA,,0,,
MMMM,Mineral Mountain Mining & Milling Co.,PNK,USA,,0,,
PRPI,Perpetual Industries Inc.,OBB,USA,Diversified Machinery,622,,
GHE.L,Gresham House plc,LSE,UK,Asset Management,422,,
VTX.AX,VTX Holdings Limited,ASX,Australia,Heavy Construction,635,,
MCK.V,Manson Creek Resources Ltd.,VAN,Canada,Gold,134,,
V2M.F,VIOLIN MEMORY,FRA,Germany,,0,,
HHE.SG,HOWARD HUGHES,STU,Germany,,0,,
RVREF,True Gold Mining Inc.,PNK,USA,,0,,
LG7.SI,db x-trackers - MSCI Thailand Index UCITS ETF (DR),SES,Singapore,,0,,
DNAI,"ProNAi Therapeutics, Inc.",NGM,Sweden,Biotechnology,515,,
RCBC,River City Bank,PNK,USA,,0,,
PNE3.BE,PNE WIND N,BER,Germany,Electric Utilities,911,,
ASCC,Aristocrat Group Corp.,PNK,USA,Personal Services,762,,
0851-OL.HK,SHENG YUAN HLDG,HKG,Hong Kong,,0,,
ZAS.F,ASSURANT,FRA,Germany,Property & Casualty Insurance,432,,
SGH.AX,Slater & Gordon Limited,ASX,Australia,Personal Services,762,,
BHD.VI,BURGENLAND HOLDING,VIE,Austria,,0,,
QCTA.MU,BELDEN,MUN,Germany,Diversified Electronics,836,,
KFRC,Kforce Inc.,NMS,USA,Staffing & Outsourcing Services,764,,
MXIM,"Maxim Integrated Products, Inc.",NMS,USA,Semiconductor - Broad Line,830,,
PEDH,"Peoples Educational Holdings, Inc.",PNK,USA,Publishing - Books,729,,
CPAH,CounterPath Corporation,NCM,Australia,,0,,
ZHIMATMO.BO,HIMATSINGKA MOTOR WORKS LTD.,BSE,India,,0,,
122990.KQ,"Wisol Co., Ltd.",KOE,South Korea,,0,,
GCHEF,"Grupo Comercial Chedraui, S.A.B. DE C.V.",PNK,USA,,0,,
DIVSHKT.BO,Divyashakti Granites Ltd.,BSE,India,General Building Materials,634,,
ESUU11F.SA,FIP IE I    CI  A,SAO,Brazil,,0,,
OTOKLIN.BO,OTOKLIN PLANTS & EQUIPMENTS LT,BSE,India,,0,,
JHY,Nuveen High Income 2020 Target Term Fund,NYQ,USA,,0,,
ORGS,Orgenesis Inc.,PNK,USA,Business Services,760,,
ORE.TO,Orezone Gold Corporation,TOR,Canada,,0,,
QMIS,QMIS Finance Securities Corporation,PNK,USA,,0,,
IMHDF,ISETAN MITSUKOSHI,PNK,USA,,0,,
MBIT,MobileBits Holdings Corp.,PNK,USA,,0,,
SEGSF,SIA Engineering Company Limited,PNK,USA,,0,,
SFDL,Security Federal Corporation,PNK,USA,Savings & Loans,419,,
MOH,"Molina Healthcare, Inc.",NYQ,USA,Health Care Plans,522,,
MXX.V,MatRRix Energy Technologies Inc.,VAN,Canada,Oil & Gas Equipment & Services,124,,
CXGH.SG,XINJIANG GOLDWI -H-,STU,Germany,Diversified Machinery,622,,
DPM.DU,SUMI DAI PHARMA,DUS,Germany,Drugs - Generic,512,,
3GZA.F,JAYA KONSTRUKSI,FRA,Germany,,0,,
MYOS,MYOS Corporation,NCM,Australia,Drugs - Generic,512,,
RYS1.DE,The Royal Bank of Scotland Group plc,GER,Germany,Money Center Banks,410,,
WWEXF,WEST AFRICAN IRON,PNK,USA,,0,,
CATG,Cantor Group Inc.,PNK,USA,,0,,
WEK.F,ZIOPHARM ONCOLOGY,FRA,Germany,Biotechnology,515,,
JAF.MU,JAFCO,MUN,Germany,Asset Management,422,,
ORNC,ORANCO INC,OBB,USA,,0,,
YNDX.ME,Yandex N.V.,MCX,India,,0,,
LRTNF,Pure Gold Mining Inc.,PNK,USA,,0,,
KEMP.BO,Kemp & Co. Ltd,BSE,India,"Specialty Retail, Other",745,,
03049X.TW,YUANTA SECURITIES C/W 04/06/16(,TAI,Taiwan,,0,,
PML.L,Papua Mining plc,LSE,UK,Industrial Metals & Minerals,133,,
VALUEMAR.BO,VALUEMART RETAIL SOLUTIONS LTD,BSE,India,,0,,
PAACU,Pacific Special Acquisition Corp.,NCM,Australia,,0,,
RLBS,Reliance Bancshares Inc.,PNK,USA,Regional - Midwest Banks,414,,
Y2WA.BE,ZHONGTIAN INTL,BER,Germany,,0,,
SBRY.L,J Sainsbury plc,LSE,UK,Grocery Stores,734,,
MRPLY,Mr Price Group Limited,PNK,USA,,0,,
LILAK,Liberty LiLAC Group,NMS,USA,CATV Systems,725,,
CPKA,Chase Packaging Corp.,PNK,USA,,0,,
0ZG2.F,ZILLOW GROUP-C,FRA,Germany,,0,,
ORBITCORP.BO,ORBIT CORPORATION LTD.,BSE,India,,0,,
ASKH,"Astika Holdings, Inc.",OBB,USA,Music & Video Stores,743,,
PACEW,Pace Holdings Corp.,NCM,Australia,,0,,
SERNF,SEIREN CO LTD,PNK,USA,,0,,
TVPKF,Travis Perkins plc,PNK,USA,,0,,
SRS.F,CANADIAN ZINC,FRA,Germany,Industrial Metals & Minerals,133,,
DSGT,DSG Global Inc.,PNK,USA,,0,,
HOMR,"Homie Recipes, Inc.",OBB,USA,Conglomerates,210,,
NTC,Nuveen Connecticut Premium Income Municipal Fund,NYQ,USA,,0,,
OX.V,Orex Exploration Inc.,VAN,Canada,Gold,134,,
XGW.BE,CALAVO GROWERS,BER,Germany,,0,,
EQFN,Equitable Financial Corp.,NCM,Australia,Savings & Loans,419,,
PACB,"Pacific Biosciences of California, Inc.",NMS,USA,Biotechnology,515,,
GLPEY,"Galp Energia, SGPS, S.A.",PNK,USA,,0,,
FFIN,First Financial Bankshares Inc.,NMS,USA,Regional - Southwest  Banks,415,,
QPJ.BE,KEWPIE,BER,Germany,Food - Major Diversified,340,,
LEN.L,LEYSHON ENERGY,LSE,UK,,0,,
TSS,"Total System Services, Inc.",NYQ,USA,Credit Services,424,,
LAD,Lithia Motors Inc.,NYQ,USA,Auto Dealerships,744,,
SAL,Salisbury Bancorp Inc.,NCM,Australia,Regional - Northeast Banks,411,,
SOHFF,Telson Resources Inc.,PNK,USA,,0,,
WFC-WT,Wells Fargo & Co. Wt,NYQ,USA,,0,,
PUNK,"Blink Technologies, Inc.",PNK,USA,,0,,
YCB,"Your Community Bankshares, Inc.",NCM,Australia,Regional - Midwest Banks,414,,
FOO.DU,SALESFORCE.COM,DUS,Germany,Technical & System Software,822,,
STS.L,Securities Trust of Scotland Ord,LSE,UK,,0,,
WAL.SG,WALTER ENERGY ,STU,Germany,Industrial Metals & Minerals,133,,
138654.L,HOCHSCHILD I15 NP,LSE,UK,,0,,
RWS.L,RWS Holdings plc,LSE,UK,Business Services,760,,
STR,Questar Corporation,NYQ,USA,Gas Utilities,912,,
TRPN3.SA,Tarpon Investimentos S.A.,SAO,Brazil,,0,,
KGF.L,Kingfisher plc,LSE,UK,Home Improvement Stores,736,,
721720.TWO,YUANTA SECURITIES C/W 18/08/16(,TWO,Taiwan,,0,,
LLTP,Lightlake Therapeutics Inc.,PNK,USA,,0,,
TYC1.F,TAIYO YUDEN,FRA,Germany,Diversified Electronics,836,,
BANC,"Banc of California, Inc.",NYQ,USA,Regional - Pacific Banks,416,,
23B.F,BRIT,FRA,Germany,,0,,
PPJ.SG,PEPCO HOLDINGS,STU,Germany,Electric Utilities,911,,
PCTZF,Bravern Ventures Ltd.,PNK,USA,,0,,
NCIT,"NCI, Inc.",NMS,USA,Information Technology Services,824,,
DMXTY,DMX TECH GROUP ADR,PNK,USA,,0,,
ELD.AX,Elders Limited,ASX,Australia,Farm Products,341,,
DECN.MX,JC DECAUX,MEX,Mexico,,0,,
RNW.TO,TransAlta Renewables Inc.,TOR,Canada,Diversified Utilities,913,,
MHN,"BlackRock MuniHoldings New York Quality Fund, Inc.",NYQ,USA,,0,,
TOVC,"Torvec, Inc.",PNK,USA,Auto Parts,333,,
CCCXF,COBALT COAL,PNK,USA,,0,,
EVOTF,Evotec AG,PNK,USA,,0,,
AMPW,American Power Corporation,PNK,USA,,0,,
MSMN.L,Mosman Oil And Gas Limited,LSE,UK,Independent Oil & Gas,121,,
OCJ.BE,ORACLE JAPAN,BER,Germany,Technical & System Software,822,,
VRCFF,Victory Resources Corporation,PNK,USA,,0,,
QHH.F,DAI-ICHI LIFE,FRA,Germany,Life Insurance,430,,
YINGY,Yingde Gases Group Co Ltd.,PNK,USA,,0,,
HINKF,Heineken NV,PNK,USA,,0,,
QBELOR-A,,ASX,Australia,,0,,
CRZY,"Crazy Woman Creek Bancorp, Incorporated",PNK,USA,,0,,
WFTSF,Wavefront Technology Solutions Inc.,PNK,USA,,0,,
CTSH.SW,COGNIZANT TECH SO-A,EBS,Austria,,0,,
DPM,DCP Midstream Partners LP,NYQ,USA,Oil & Gas Pipelines,125,,
SGQRF,SouthGobi Resources Limited,PNK,USA,,0,,
DRE2.F,DT REAL ESTATE,FRA,Germany,Property Management,448,,
Y01A.F,YODLEE,FRA,Germany,,0,,
YAV.F,SUTL ENTERPRISE,FRA,Germany,Resorts & Casinos,711,,
BEMG,"Beta Music Group, Inc.",PNK,USA,,0,,
S7E.F,SHIRE,FRA,Germany,Biotechnology,515,,
OCTX,"Octagon 88 Resources, Inc.",PNK,USA,,0,,
TAP-A,Molson Coors Brewing Company,NYQ,USA,,0,,
099830.KQ,Signal Entertainment Group Corp.,KOE,South Korea,,0,,
5CF.BE,CALFRAC WELL SERV,BER,Germany,Oil & Gas Equipment & Services,124,,
C1S.BE,CHINA SHINEWAY PHAR,BER,Germany,Drugs - Generic,512,,
ZTS,Zoetis Inc.,NYQ,USA,Drugs - Generic,512,,
BDZ.SG,CHICAGO BDGE NY REG,STU,Germany,General Contractors,636,,
0527.HK,China Ruifeng Renewable Energy Holdings Limited,HKG,Hong Kong,Semiconductor Equipment & Materials,834,,
GV,Goldfield Corp.,ASE,USA,Heavy Construction,635,,
RNMBY,Rheinmetall AG,PNK,USA,,0,,
NMNZF,Nortec Minerals Corp.,PNK,USA,,0,,
UMBBF,Umbral Energy Corp.,PNK,USA,,0,,
NEVDF,Nevada Copper Corp.,PNK,USA,,0,,
THW,Tekla World Healthcare Fund,NYQ,USA,,0,,
OMKARPH.BO,OMKAR PHARMACHEM LTD.,BSE,India,,0,,
KI8.BE,KAP INDUS,BER,Germany,,0,,
HTBNF,Hunter Bay Minerals Plc,PNK,USA,,0,,
0268.HK,Kingdee International Software Group Co. Ltd.,HKG,Hong Kong,Technical & System Software,822,,
FAY.BE,FAMILY DOLLAR STORE,BER,Germany,,0,,
SNYR,Synergy CHC Corp.,OBB,USA,Medical Equipment Wholesale,754,,
XMPA.MU,CYTORI THERAPEUTICS,MUN,Germany,Biotechnology,515,,
ELTZ.L,Electra Private Equity (Spl) ZDP 2016,LSE,UK,,0,,
VNM.MU,VARIAN MED SYSTEMS,MUN,Germany,Medical Appliances & Equipment,521,,
UOF.MU,URBAN OUTFITTERS,MUN,Germany,Apparel Stores,730,,
MBG.V,Malbex Resources Inc.,VAN,Canada,Gold,134,,
ROP,"Roper Technologies, Inc.",NYQ,USA,Diversified Machinery,622,,
DCM,"NTT DOCOMO, Inc.",NYQ,USA,Diversified Communication Services,846,,
TAY.BE,M'BISHI TANABE PHA,BER,Germany,Drugs - Generic,512,,
ZNGKRV-A,,ASX,Australia,,0,,
NOTQF,Northquest Ltd.,PNK,USA,,0,,
AHII,American Heritage International Inc.,OBB,USA,,0,,
KMPR,Kemper Corporation,NYQ,USA,Property & Casualty Insurance,432,,
AFGE,American Financial Group Inc.,NYQ,USA,,0,,
IBWSL.BO,INDIABULLS WHOLESALE SERVICES,BSE,India,,0,,
VVIVF,VALENCIA VENTURES,PNK,USA,,0,,
DIVI.L,Diverse Income Trust Ord,LSE,UK,,0,,
JCN.BE,JOHNSON CONTROLS,BER,Germany,Auto Parts,333,,
CUK,Carnival plc,NYQ,USA,General Entertainment,716,,
AKTS,"Akoustis Technologies, Inc.",OBB,USA,Communication Equipment,841,,
ENI,Enersis S.A.,NYQ,USA,Foreign Utilities,910,,
GBSN,"Great Basin Scientific, Inc.",NCM,Australia,Medical Laboratories & Research,525,,
AMSF,"Amerisafe, Inc.",NMS,USA,Property & Casualty Insurance,432,,
6IZ.BE,ZINCO MINING,BER,Germany,Industrial Metals & Minerals,133,,
1305.HK,Wai Chi Holdings Company Limited,HKG,Hong Kong,,0,,
3368-OL.HK,PARKSON GROUP,HKG,Hong Kong,,0,,
LH,Laboratory Corp. of America Holdings,NYQ,USA,Medical Laboratories & Research,525,,
JSD,Nuveen Short Duration Credit Opportunities Fund,NYQ,USA,,0,,
VNMC,Vanguard Mining Corporation,PNK,USA,,0,,
PBYA,"Panther Biotechnology, Inc.",PNK,USA,Business Services,760,,
RBC,Regal Beloit Corporation,NYQ,USA,Diversified Machinery,622,,
CTOT,Cornerstone Bancorp.,PNK,USA,Regional - Mid-Atlantic Banks,412,,
NPPXF,Nippon Telegraph and Telephone Corporation,PNK,USA,,0,,
JUN3.SG,JUNGHEINRICH VZ,STU,Germany,Diversified Machinery,622,,
GMT,GATX Corp.,NYQ,USA,Rental & Leasing Services,761,,
VIS.IC,Vatryggingfelag Islands Hf,ICE,Iceland,,0,,
VGLS,VG Life Sciences Inc.,PNK,USA,,0,,
RSW.L,Renishaw plc,LSE,UK,Diversified Electronics,836,,
POW.TO,Power Corporation of Canada,TOR,Canada,Property & Casualty Insurance,432,,
PEGA,Pegasystems Inc.,NMS,USA,Business Software & Services,826,,
JJO.DU,JJ AUTO,DUS,Germany,,0,,
EMMS,Emmis Communications Corp.,NMS,USA,Broadcasting - Radio,724,,
BSW.HM,VASCORY,HAM,Germany,,0,,
W-PB.TO,POWER CORP. PREFERRED SHARES SE,TOR,Canada,,0,,
YCZ.MU,CAMERON INTL,MUN,Germany,,0,,
BXE,Bellatrix Exploration Ltd.,NYQ,USA,Independent Oil & Gas,121,,
WFR.F,SUNEDISON,FRA,Germany,Semiconductor Equipment & Materials,834,,
JEL.L,Jersey Electricity plc,LSE,UK,Electric Utilities,911,,
KHKSF,KHON KAEN SUGAR INDU,PNK,USA,,0,,
RMAX,"RE/MAX Holdings, Inc.",NYQ,USA,Property Management,448,,
PTKFY,PT. Kalbe Farma Tbk.,PNK,USA,,0,,
KCC.V,Kincora Copper Limited,VAN,Canada,,0,,
GTWN,Georgetown Bancorp Inc.,NCM,Australia,Savings & Loans,419,,
BJINY,Beijing Enterprises Holdings Ltd.,PNK,USA,,0,,
VZFF.EX,VERIZON COMM ,EUX,Germany,,0,,
IYYA.BE,INVESTEC,BER,Germany,,0,,
PGRX,"Prospect Global Resources, Inc.",PNK,USA,Industrial Metals & Minerals,133,,
USA,Columbia Funds Trust XII - Liberty All Star Equity Fund,NYQ,USA,,0,,
FB2A.DE,"Facebook, Inc.",GER,Germany,Internet Information Providers,851,,
SPH1.F,SEKISUI HOUSE,FRA,Germany,Residential Construction,630,,
TSC10.BA,CEDULAS HIP ARG X MBS 07/01/202,BUE,Argentina,,0,,
H9B.F,HERTZ GLOBAL HLDGS,FRA,Germany,Rental & Leasing Services,761,,
UAM,Universal American Corp,NYQ,USA,Health Care Plans,522,,
4711.TWO,YONG SHUN CHEMICAL TWD10,TWO,Taiwan,,0,,
N,NetSuite Inc.,NYQ,USA,Business Software & Services,826,,
ZCHA.BE,CHINA TELE SP ADR-H,BER,Germany,Wireless Communications,840,,
RMKXF,Rainmaker Resources Ltd.,PNK,USA,,0,,
CRNCY,Cairn Energy plc,PNK,USA,,0,,
EGZ.TO,Energizer Resources Inc.,TOR,Canada,,0,,
OXDAI.SW,DAIMLER N,EBS,Austria,,0,,
FJZ.SG,ZIJIN MINING -H-,STU,Germany,Industrial Metals & Minerals,133,,
MVG,MAG Silver Corp.,ASE,USA,Silver,135,,
WRX1.F,WORKSPACE GRP,FRA,Germany,,0,,
ORA.MI,Orange,MIL,Italy,,0,,
ALTHE.PA,"Theraclion, S.A.S.",PAR,France,Medical Appliances & Equipment,521,,
ATOC,Atomic Paintball Inc.,PNK,USA,Sporting Activities,715,,
ADY.BE,AMEDISYS,BER,Germany,Hospitals,524,,
UPD.AX,UPDTER INC CDI FORUS,ASX,Australia,,0,,
0853.HK,MicroPort Scientific Corporation,HKG,Hong Kong,Medical Appliances & Equipment,521,,
P7J1.F,PACIFIC NORTH WEST,FRA,Germany,,0,,
OVCHF,Oversea-Chinese Banking Corporation Limited,PNK,USA,,0,,
QL2.SI,IS ASIA BND S$D,SES,Singapore,,0,,
JMTAUTOLT.NS,JMT Auto Limited,NSI,India,Auto Parts,333,,
TDE,Telephone & Data Systems Inc.,NYQ,USA,,0,,
AXC.SI,YONGNAM HLDGS NPV (POST-CONS),SES,Singapore,,0,,
4980.TWO,JORJIN,TWO,Taiwan,,0,,
717247.TWO,YUANTA SECURITIES C/W 03/08/15(,TWO,Taiwan,,0,,
LVMUY,LVMH Moët Hennessy Louis Vuitton SA,PNK,USA,,0,,
STXS,Stereotaxis Inc.,NCM,Australia,Medical Appliances & Equipment,521,,
WS7A.F,BINHAI INVESTMENT,FRA,Germany,,0,,
SLTA,Soltera Mining Corp.,PNK,USA,,0,,
RW0U.SI,Mapletree Greater China Commercial Trust,SES,Singapore,REIT - Diversified,440,,
KHE.F,KAWASAKI HEAVY IND,FRA,Germany,Diversified Machinery,622,,
DMI.AX,Dempsey Minerals Limited,ASX,Australia,Industrial Metals & Minerals,133,,
OTOW,"O2 Secure Wireless, Inc.",PNK,USA,,0,,
RQQ.MU,OCEANAGOLD,MUN,Germany,Gold,134,,
CL1A.F,WANDA HOTEL DEV,FRA,Germany,,0,,
ZSOMESCE.BO,SOMESHWARA CEMENTS & CHEMICALS,BSE,India,,0,,
NBVENTURE.NS,Nava Bharat Ventures Limited,NSI,India,Electric Utilities,911,,
BWW.SG,BUFFALO WILD WINGS,STU,Germany,,0,,
LARK,Landmark Bancorp Inc.,NGM,Sweden,Regional - Southwest  Banks,415,,
ZZA.F,CINEMARK HOLDINGS,FRA,Germany,Entertainment - Diversified,722,,
RYGYO.IS,Reysas Gayrimenkul Yatirim Ortakligi A.S.,IST,Turkey,,0,,
BSEFY,"Benesse Holdings, Inc.",PNK,USA,,0,,
BES.LS,ESPIRITO SANTO R,LIS,Portugal,,0,,
ODN.AX,Odin Energy Limited,ASX,Australia,Independent Oil & Gas,121,,
COK.DE,Cancom SE,GER,Germany,Information Technology Services,824,,
ELOS,Syneron Medical Ltd.,NMS,USA,Medical Appliances & Equipment,521,,
SDIPF,Sports Direct International plc,PNK,USA,,0,,
XTL.BE,ANOTO GROUP,BER,Germany,Computer Based Systems,812,,
WGA,"AG&E; Holdings, Inc.",ASE,USA,Diversified Electronics,836,,
EXN.BE,XINREN ALUMINUM,BER,Germany,,0,,
KAMP.AT,Reds S.A.,ATH,Greece,Property Management,448,,
DXLG,"Destination XL Group, Inc.",NMS,USA,Apparel Stores,730,,
5I0.SI,$ QT Vascular,SES,Singapore,,0,,
JLT.SG,JAR LLOYD THOMP GRP,STU,Germany,Insurance Brokers,434,,
SHA.F,SCHAEFFLER VZ,FRA,Germany,,0,,
EGRTF,El Tigre Silver Corp,PNK,USA,,0,,
WESC,W&E; Source Corp,PNK,USA,Internet Service Providers,850,,
0337.HK,Greenland Hong Kong Holdings Limited,HKG,Hong Kong,Asset Management,422,,
CBAK,"China BAK Battery, Inc.",NGM,Sweden,Diversified Electronics,836,,
HRBR,"Harbor Diversified, Inc.",PNK,USA,Drug Manufacturers - Other,511,,
TNAV,"Telenav, Inc.",NMS,USA,Internet Software & Services,852,,
WAYS,Wave Sync Corp.,PNK,USA,,0,,
WWFA.SG,WORLD WRESTLING-A,STU,Germany,,0,,
CFIGY,Challenger Limited,PNK,USA,,0,,
ZBB,ZBB Energy Corporation,ASE,USA,,0,,
UEXCF,UEX Corp.,PNK,USA,,0,,
DVO.L,Devro plc,LSE,UK,Food - Major Diversified,340,,
KWALITY.NS,Kwality Limited,NSI,India,Food - Major Diversified,340,,
SVEG.OL,Sparebanken Vest,OSL,Norway,Money Center Banks,410,,
BRN,"Barnwell Industries, Inc.",ASE,USA,Independent Oil & Gas,121,,
PFLC,Pacific Financial Corp.,PNK,USA,Regional - Pacific Banks,416,,
EMG.L,Man Group plc,LSE,UK,Asset Management,422,,
DKS,Dick's Sporting Goods Inc.,NYQ,USA,Sporting Goods Stores,740,,
PUGE,"Puget Technologies,Inc",PNK,USA,Textile Industrial,628,,
YNP.BK,"YARNAPUND PUBLIC CO.,LTD.",SET,Thailand,,0,,
CJPRY,Central Japan Railway Company,PNK,USA,,0,,
WFGPY,Westfield Corp.,PNK,USA,,0,,
SNSY5.SA,Sansuy S.A.,SAO,Brazil,,0,,
3W31.F,KAIZEN DISCOVERY,FRA,Germany,,0,,
3062-OL.HK,X DBCSI300MAT,HKG,Hong Kong,,0,,
TLR.V,Teslin River Resources Corp.,VAN,Canada,,0,,
ODD.ST,Odd Molly International AB,STO,Sweden,Textile - Apparel Clothing,320,,
HPF-UN.TO,ENERGY LEADERS PLUS INCOME FUND,TOR,Canada,,0,,
SIVBO,SVB Financial Group,NMS,USA,,0,,
QRSM,"QRS Music Technologies, Inc.",PNK,USA,,0,,
CBAI,Cord Blood America Inc.,PNK,USA,Medical Laboratories & Research,525,,
EONGY,E.ON SE,PNK,USA,,0,,
AVOL,Avolon Holdings Limited,NYQ,USA,Rental & Leasing Services,761,,
GPLA,GamePlan Inc.,PNK,USA,Conglomerates,210,,
TS6.BE,TELESTE,BER,Germany,Communication Equipment,841,,
BME,BlackRock Health Sciences Trust,NYQ,USA,,0,,
083660.KQ,"CSA Cosmic Co., Ltd.",KOE,South Korea,,0,,
AMJYF,AMANDA CAPITAL OYJ,PNK,USA,,0,,
MKLW.L,A&J; Mucklow Group plc,LSE,UK,REIT - Diversified,440,,
PHM,"PulteGroup, Inc.",NYQ,USA,Residential Construction,630,,
JPM.L,JPMorgan Chase & Co.,LSE,UK,Money Center Banks,410,,
220630.KQ,KTB SPAC III,KOE,South Korea,,0,,
W7LF.EX,ADP,EUX,Germany,,0,,
GNTX,Gentex Corp.,NMS,USA,Auto Parts,333,,
AAGIY,AIA Group Limited,PNK,USA,,0,,
LMNK,Lifestyle Medical Network Inc.,PNK,USA,Medical Practitioners,527,,
WBMD,WebMD Health Corp.,NMS,USA,Healthcare Information Services,825,,
ACRS,"Aclaris Therapeutics, Inc.",NMS,USA,,0,,
SRE.L,Sirius Real Estate Limited,LSE,UK,Property Management,448,,
DBO.TO,D-Box Technologies Inc.,TOR,Canada,Electronic Equipment,314,,
WIKA.JK,WIJAYA KARYA IDR100,JKT,Indonesia,,0,,
ZSC.SG,Sharps Compliance Corp.,STU,Germany,,0,,
OGXI,"OncoGenex Pharmaceuticals, Inc.",NCM,Australia,Biotechnology,515,,
SONVF,Sonova Holding AG,PNK,USA,,0,,
ZBB.A,,ASE,USA,,0,,
FR.TO,First Majestic Silver Corp.,TOR,Canada,Silver,135,,
USBC34.SA,U.S. Bancorp,SAO,Brazil,,0,,
UJO.L,Union Jack Oil plc,LSE,UK,Independent Oil & Gas,121,,
ZOF.MU,SBI HOLDINGS,MUN,Germany,Asset Management,422,,
03042X.TW,YUANTA SECURITIES C/W 04/06/16(,TAI,Taiwan,,0,,
ALXDF,Alexandria Minerals Corporation,PNK,USA,,0,,
TCS.BE,TASER INTL,BER,Germany,Aerospace/Defense - Major Diversified,610,,
JW-A,John Wiley & Sons Inc.,NYQ,USA,Publishing - Books,729,,
RDXH,"Redux Holdings, Inc.",PNK,USA,,0,,
WO8.F,WALLSTR: ONLINE CAP,FRA,Germany,,0,,
ZWC1.MU,ZWACK UNICUM,MUN,Germany,,0,,
ADXSW,"Advaxis, Inc.",NCM,Australia,,0,,
HVN.AX,Harvey Norman Holdings Limited,ASX,Australia,Department Stores,731,,
3NVN.F,NASS VAL GTWY,FRA,Germany,,0,,
DDXFD,Nano One Materials Corp.,PNK,USA,,0,,
OU8.F,BEAUFIELD RESOURCES,FRA,Germany,,0,,
CVVT,"China Valves Technology, Inc.",PNK,USA,,0,,
QRXPY,QRxPharma Limited,PNK,USA,,0,,
BIG.AX,Big Un Limited,ASX,Australia,Entertainment - Diversified,722,,
KCN.AX,Kingsgate Consolidated Limited,ASX,Australia,Gold,134,,
TSE1.BE,TOSHIBA CORP,BER,Germany,Diversified Machinery,622,,
OCC.AX,Orthocell Limited,ASX,Australia,Biotechnology,515,,
YHA.F,YAMAHA CORP,FRA,Germany,"Recreational Goods, Other",317,,
MCX.BO,MULTI COMMODITY EXCHANGE OF IN,BSE,India,,0,,
CVI-A.TO,Calvalley Petroleum Inc.,TOR,Canada,,0,,
VWA.AS,VOLKSWAGEN,AMS,Netherlands,,0,,
ZOO.BE,ZOO BERLIN N M AQ,BER,Germany,,0,,
AREX,"Approach Resources, Inc.",NMS,USA,Independent Oil & Gas,121,,
N3L.SG,3Legs Resources plc,STU,Germany,,0,,
KUREF,KUREHA CORP,PNK,USA,,0,,
TOL.AX,Toll Holdings Limited,ASX,Australia,,0,,
NARRF,NAGOYA RAILROAD CO L,PNK,USA,,0,,
ROTI.JK,NIPPON INDOSARI CO IDR20(NEW),JKT,Indonesia,,0,,
AJG.L,ATLAN JAP GRW GBP,LSE,UK,,0,,
IVU.DE,IVU Traffic Technologies AG,GER,Germany,Technical & System Software,822,,
RWE3.DU,RWE VZ,DUS,Germany,Diversified Utilities,913,,
EBAY34F.SA,eBay Inc.,SAO,Brazil,"Specialty Retail, Other",745,,
XYUA.BE,HENGDELI HLDGS,BER,Germany,"Specialty Retail, Other",745,,
ARDX,"Ardelyx, Inc.",NGM,Sweden,Biotechnology,515,,
180640.KS,Hanjin Kal Corp.,KSC,Korea,,0,,
TRV.MX,"The Travelers Companies, Inc.",MEX,Mexico,Property & Casualty Insurance,432,,
1875661.BE,BCP FIN PERP NCNVP,BER,Germany,,0,,
NAEY,"North American Energy Resources, Inc.",PNK,USA,,0,,
013870.KS,GMB Korea Corporation,KSC,Korea,,0,,
717089.TWO,YUANTA SECURITIES C/W 27/07/15(,TWO,Taiwan,,0,,
3818.HK,China Dongxiang (Group) Company Ltd,HKG,Hong Kong,Textile - Apparel Clothing,320,,
SEB-A.ST,Skandinaviska Enskilda Banken AB (publ),STO,Sweden,Money Center Banks,410,,
PNI,PIMCO New York Municipal Income Fund II,NYQ,USA,,0,,
CRIS,"Curis, Inc.",NGM,Sweden,Biotechnology,515,,
FUC.SG,FANUC,STU,Germany,Diversified Machinery,622,,
KMFI,"The Keller Manufacturing Company, Inc.",PNK,USA,,0,,
AAD.DE,Amadeus FiRe AG,GER,Germany,Staffing & Outsourcing Services,764,,
EFX,Equifax Inc.,NYQ,USA,Credit Services,424,,
INDT.ST,Indutrade AB (publ),STO,Sweden,Industrial Equipment Wholesale,752,,
047040.KS,"Daewoo Engineering & Construction Co., Ltd.",KSC,Korea,,0,,
PQL.DE,POLIS Immobilien AG,GER,Germany,Property Management,448,,
KZD.V,Kaizen Discovery Inc.,VAN,Canada,Industrial Metals & Minerals,133,,
086790.KS,Hana Financial Group Inc.,KSC,Korea,,0,,
6963.KL,VS Industry Berhad,KLS,Malaysia,,0,,
BIP,Brookfield Infrastructure Partners L.P.,NYQ,USA,Diversified Utilities,913,,
CALCOM.BO,Calcom Visions Ltd.,BSE,India,Electronic Equipment,314,,
YSM.SG,SKY-MOBI SP ADS,STU,Germany,,0,,
083360.KS,Dongbuka No.11 Ship Investment Comp,KSC,Korea,,0,,
CSMG3F.SA,COPASA      ON      NM,SAO,Brazil,,0,,
MCFUF,Micro Focus International plc,PNK,USA,,0,,
DMTX,"Dimension Therapeutics, Inc.",NMS,USA,,0,,
DXCM,"DexCom, Inc.",NMS,USA,Medical Laboratories & Research,525,,
IH0.SI,db x-trackers - Euro Stoxx 50 UCITS ETF (DR),SES,Singapore,,0,,
MGNX,"MacroGenics, Inc.",NMS,USA,Biotechnology,515,,
OR6.BE,OROCO RESOURCE,BER,Germany,Industrial Metals & Minerals,133,,
YAB2.MU,ALTA VISTA VENTURES,MUN,Germany,,0,,
M08.SG,MITEL NETWORKS,STU,Germany,Communication Equipment,841,,
CGFEF,Changfeng Energy Inc.,PNK,USA,,0,,
UQM.MU,UQM TECHNOLOGIES,MUN,Germany,Auto Parts,333,,
DF.TO,Dividend 15 Split Corp. II,TOR,Canada,,0,,
FBP,First Bancorp,NYQ,USA,Foreign Regional Banks,418,,
ITEK,Inotek Pharmaceuticals Corporation,NGM,Sweden,Biotechnology,515,,
TAC,TransAlta Corp.,NYQ,USA,Diversified Utilities,913,,
DKM.AX,Duketon Mining Limited,ASX,Australia,Industrial Metals & Minerals,133,,
CPFH,"Capital Financial Holdings, Inc.",PNK,USA,Investment Brokerage - Regional,421,,
EDD3.F,EDDING VZ,FRA,Germany,Personal Products,323,,
NIGTF,Nightingale Informatix Corporation,PNK,USA,,0,,
VA7A.F,VERISK ANALYTICS,FRA,Germany,Business Services,760,,
VSC.AX,Vita Life Sciences Limited,ASX,Australia,Drug Manufacturers - Major,510,,
OCN.V,Oceanus Resources Corporation,VAN,Canada,Industrial Metals & Minerals,133,,
SHPGF,Shire plc,PNK,USA,,0,,
KBWA.SG,BOSKALIS WESTMINSTR,STU,Germany,,0,,
VSTTILLER.NS,,NSI,India,,0,,
VHI,"Valhi, Inc.",NYQ,USA,Chemicals - Major Diversified,110,,
RUSMF,Russel Metals Inc.,PNK,USA,,0,,
MEILW,Methes Energies International L,NCM,Australia,,0,,
IENVF,"Infraestructura Energética Nova, S.A.B. de C.V.",PNK,USA,,0,,
ASMF.DU,ASML HOLD NY REG,DUS,Germany,,0,,
0193.HK,Capital Estate Limited,HKG,Hong Kong,Property Management,448,,
V6C.BE,VISCOM,BER,Germany,Scientific & Technical Instruments,837,,
BXMT,"Blackstone Mortgage Trust, Inc.",NYQ,USA,REIT - Diversified,440,,
QVCB,Liberty Interactive Corporation,NMS,USA,,0,,
IFM.DE,IFM Immobilien AG,GER,Germany,Property Management,448,,
CADC,"China Advanced Construction Materials Group, Inc.",NCM,Australia,General Building Materials,634,,
DPDW,"Deep Down, Inc.",PNK,USA,Oil & Gas Equipment & Services,124,,
NAOLINEN.BO,NAOLIN ENTERPRISES LTD,BSE,India,,0,,
ARWR,Arrowhead Research Corp.,NMS,USA,Biotechnology,515,,
KBR.MX,KBR,MEX,Mexico,,0,,
YG4.MU,LINAS AGRO GROUP,MUN,Germany,,0,,
BXB.AX,Brambles Limited,ASX,Australia,Business Services,760,,
JUMSF,Jumbo SA,PNK,USA,,0,,
ESFS,"Eco Safe Systems USA, Inc.",PNK,USA,,0,,
HCMLY,LafargeHolcim Ltd.,PNK,USA,,0,,
AQMS,"Aqua Metals, Inc.",NCM,Australia,Waste Management,637,,
CKX,CKX Lands Inc.,ASE,USA,Property Management,448,,
BVTLF,Bard Ventures Ltd.,PNK,USA,,0,,
PJT.V,Partner Jet Corp.,VAN,Canada,"Air Services, Other",772,,
JOT.F,BITTIUM,FRA,Germany,Communication Equipment,841,,
PMDL,Pace Medical Inc.,PNK,USA,,0,,
VDPH,VDO-Ph International,PNK,USA,,0,,
DMCIF,DMCI HOLDINGS (PHIL),PNK,USA,,0,,
IDP.DU,BIOGEN,DUS,Germany,Biotechnology,515,,
TIS,Orchids Paper Products Company,ASE,USA,Cleaning Products,326,,
GOFPY,Greek Organisation of Football Prognostics S.A.,PNK,USA,,0,,
SCDA,"B-Scada, Inc.",PNK,USA,,0,,
CB4.F,CAC HLDG,FRA,Germany,,0,,
GOOG,Alphabet Inc.,NMS,USA,Internet Information Providers,851,,
FEQ.BE,LAB.REIG JOFRE,BER,Germany,,0,,
AMTX,"Aemetis, Inc.",NGM,Sweden,Specialty Chemicals,113,,
MRD.TO,Melcor Developments Ltd.,TOR,Canada,Real Estate Development,449,,
CHU,China Unicom (Hong Kong) Limited,NYQ,USA,Wireless Communications,840,,
HAS,Hasbro Inc.,NMS,USA,Toys & Games,315,,
YB1.DE,Youbisheng Green Paper AG,GER,Germany,Paper & Paper Products,324,,
SYNC,"Synacor, Inc.",NGM,Sweden,Internet Information Providers,851,,
ENRJ,"EnerJex Resources, Inc.",ASE,USA,Independent Oil & Gas,121,,
S7OU.SI,Asian Pay Television Trust,SES,Singapore,,0,,
JSPT.JK,JAKARTA SETIAB INT IDR500,JKT,Indonesia,,0,,
ABTO,AB&T; Financial Corp.,PNK,USA,Regional - Mid-Atlantic Banks,412,,
CIMDF,CIMB Group Holdings Berhad,PNK,USA,,0,,
MOAR3F.SA,MONT ARANHA ON,SAO,Brazil,,0,,
1333-OL.HK,CHINA ZHONGWANG,HKG,Hong Kong,,0,,
VQKA.DE,ReneSola Ltd.,GER,Germany,Diversified Utilities,913,,
IHSXF,iShares Public Limited Company - iShares MSCI North America UCITS ETF,PNK,USA,,0,,
PGND,"Press Ganey Holdings, Inc.",NYQ,USA,Long-Term Care Facilities,523,,
TGR.V,"Tiger International Resources, Inc.",VAN,Canada,Industrial Metals & Minerals,133,,
WTW,"Weight Watchers International, Inc.",NYQ,USA,Personal Services,762,,
HTCTF,Hutchison Telecommunications Hong Kong Holdings Ltd.,PNK,USA,,0,,
KA7.F,KAS BANK,FRA,Germany,,0,,
GLQ,Clough Global Equity Fund,ASE,USA,,0,,
SZ5.DU,Deutsche Geothermische Immobilien AG,DUS,Germany,,0,,
TCRZ,"THL Credit, Inc. 6.75% Notes du",NYQ,USA,,0,,
JBCHEPHARM6.BO,JB CHEMICALS & PHARMACEUTICALS,BSE,India,,0,,
03053X.TW,YUANTA SECURITIES C/W 30/06/16(,TAI,Taiwan,,0,,
4XN.F,XUNLEI SP ADS-A,FRA,Germany,,0,,
JMFINANCIL6.BO,JM FINANCIAL LTD,BSE,India,,0,,
GMED,"Globus Medical, Inc.",NYQ,USA,Medical Appliances & Equipment,521,,
EUKYO.IS,Euro Kapital Yatirim Ortakligi AS,IST,Turkey,,0,,
JOX.BE,JOST,BER,Germany,,0,,
0NP.F,CN NT PHARMA GR,FRA,Germany,,0,,
QRTXF,Quartix Holdings plc,PNK,USA,,0,,
WAF.F,SILTRONIC N,FRA,Germany,,0,,
TLW.L,Tullow Oil plc,LSE,UK,Independent Oil & Gas,121,,
IVPG.L,Invesco Perp Select Glo Eq Inc Ord,LSE,UK,,0,,
AVX,AVX Corp.,NYQ,USA,Diversified Electronics,836,,
FLMCQ,FLORIDA MICRO INC,PNK,USA,,0,,
CBOM.ME,Credit Bank of Moscow (open joint-stock company),MCX,India,,0,,
JEN.MU,JENOPTIK,MUN,Germany,Diversified Electronics,836,,
KGBLF,KINGBOARD LAMINATES,PNK,USA,,0,,
NYCB-PU,"New York Community Bancorp, Inc",NYQ,USA,,0,,
YOO.V,Yangaroo Inc,VAN,Canada,Business Services,760,,
ICA.ST,ICA Gruppen AB,STO,Sweden,,0,,
AMPD,"AMP Holding, Inc.",PNK,USA,,0,,
WHLM,"Wilhelmina International, Inc.",NCM,Australia,Management Services,769,,
CFG,"Citizens Financial Group, Inc.",NYQ,USA,,0,,
BLVDU,Boulevard Acquisition Corp. II,NCM,Australia,,0,,
DIK.BE,DENKA,BER,Germany,Chemicals - Major Diversified,110,,
ESNT.L,ESSENTRA,LSE,UK,,0,,
WLOL,Winland Ocean Shipping Corp,PNK,USA,,0,,
YCU.F,YUME,FRA,Germany,,0,,
VEND,"Fresh Healthy Vending International, Inc.",OBB,USA,Advertising Agencies,720,,
FCCY,1st Constitution Bancorp,NGM,Sweden,Regional - Northeast Banks,411,,
EOLU-B.ST,Eolus Vind AB,STO,Sweden,Diversified Utilities,913,,
JUVE.MI,Juventus Football Club S.p.A.,MIL,Italy,"Recreational Goods, Other",317,,
VIVT3.SA,Telefônica Brasil S.A.,SAO,Brazil,Wireless Communications,840,,
SESF.EX,SES GLOBAL FDR,EUX,Germany,,0,,
HKBT,HK Battery Technology Inc.,PNK,USA,Conglomerates,210,,
TANO,TravelCenters of America LLC,NYQ,USA,,0,,
KPO.SG,KANSAI EL POWER,STU,Germany,Electric Utilities,911,,
2JC.F,GRAPHITE ONE RES,FRA,Germany,,0,,
5FX.SI,$ New Wave,SES,Singapore,,0,,
ZNRGF,Z ENERGY LTD,PNK,USA,,0,,
CGRT,CorGreen Technologies Holding Corp.,PNK,USA,,0,,
MDT.DE,MEDTRONIC,GER,Germany,,0,,
ATP.TO,Atlantic Power Corporation,TOR,Canada,Diversified Utilities,913,,
KCDMF,Kimberly - Clark de Mexico S.A.B. de C.V.,PNK,USA,,0,,
ABN.AS,ABN AMRO Group,AMS,Netherlands,,0,,
MEDINOV.BO,Medinova Diagnostic Services Limited,BSE,India,Medical Laboratories & Research,525,,
03016X.TW,YUANTA SECURITIES C/W 10/03/16(,TAI,Taiwan,,0,,
RNL.HM,RENAULT,HAM,Germany,,0,,
BBVA.MX,"Banco Bilbao Vizcaya Argentaria, S.A.",MEX,Mexico,Money Center Banks,410,,
TXN.SW,TEXAS INSTRUMENTS,EBS,Austria,,0,,
OTIC,"Otonomy, Inc.",NMS,USA,Biotechnology,515,,
NPY.F,NSD,FRA,Germany,Technical & System Software,822,,
LGCLF,LG CHEM LTD SHS,PNK,USA,,0,,
5HV.SI,$ Koh Eco,SES,Singapore,,0,,
WSSRF,Weststar Resources Corp.,PNK,USA,,0,,
WHGRF,WH Group Limited,PNK,USA,,0,,
QNBC,QNB Corp.,PNK,USA,Regional - Northeast Banks,411,,
EMCI,EMC Insurance Group Inc.,NMS,USA,Property & Casualty Insurance,432,,
LINK,"Interlink Electronics, Inc.",PNK,USA,,0,,
9802.TW,"Fulgent Sun International (Holding) Co., Ltd.",TAI,Taiwan,,0,,
EXPR,Express Inc.,NYQ,USA,Apparel Stores,730,,
VALE5.SA,Vale S.A.,SAO,Brazil,,0,,
TLSYY,Telstra Corporation Limited,PNK,USA,,0,,
R4E.BE,VMS VENTURES,BER,Germany,Industrial Metals & Minerals,133,,
AG4.MU,ALLERGAN,MUN,Germany,,0,,
GRO.V,Gold Royalties Corporation,VAN,Canada,,0,,
WIPRO4.BO,WIPRO LTD,BSE,India,,0,,
NODB,North Dallas Bank & Trust Co.,OBB,USA,Regional - Southwest  Banks,415,,
MHM,Bank of America Corporation Mar,ASE,USA,,0,,
VLOX.L,VELOX3,LSE,UK,,0,,
SGAMY,Sega Sammy Holdings Inc.,PNK,USA,,0,,
XCD.SG,CAFE DE CORAL HLDG,STU,Germany,Restaurants,712,,
Z.TO,AETERNA ZENTARIS INC.,TOR,Canada,,0,,
WHBRADY.BO,WH Brady & Company Limited,BSE,India,Industrial Equipment Wholesale,752,,
TPX-A.TO,Molson Coors Canada Inc.,TOR,Canada,Beverages - Brewers,346,,
RKGXF,Road King Infrastructure Limited,PNK,USA,,0,,
OWW1.MU,AFRICAN METALS,MUN,Germany,,0,,
ONVRF,ORNOVA RES CORP,PNK,USA,,0,,
INTU,Intuit Inc.,NMS,USA,Application Software,821,,
YIJ.BE,YIP'S CHEMICAL,BER,Germany,,0,,
NWE,Northwestern Corporation,NYQ,USA,Diversified Utilities,913,,
APC,Anadarko Petroleum Corporation,NYQ,USA,Independent Oil & Gas,121,,
0SGA.F,SIB GOLD SP ADR,FRA,Germany,,0,,
7BF.MU,ROYAL BAFOKENG PLAT,MUN,Germany,,0,,
KCY.BE,KANSAS CITY SO,BER,Germany,Railroads,776,,
RXEEY,Rexel SA,PNK,USA,,0,,
IVFZF,Invictus Financial Inc.,PNK,USA,,0,,
HHI.MU,HOPEWELL HIGHWAY,MUN,Germany,Heavy Construction,635,,
APVS,"Applied Visual Sciences, Inc.",PNK,USA,Security & Protection Services,765,,
CUII,"China United Insurance Service, Inc.",OBB,USA,Property & Casualty Insurance,432,,
CBX,CBX (Listing Market NYSE Networ,NYQ,USA,,0,,
LQMT,Liquidmetal Technologies Inc.,OBB,USA,Industrial Metals & Minerals,133,,
NVM.V,Nevada Clean Magnesium Inc.,VAN,Canada,Industrial Metals & Minerals,133,,
OOGI,"C2E Energy, Inc.",PNK,USA,,0,,
DPWW,"Diego Pellicer Worldwide, Inc.",OBB,USA,Property Management,448,,
NRTNF,The Intertain Group Limited,PNK,USA,,0,,
JRI,Nuveen Real Asset Income and Growth Fund,NYQ,USA,,0,,
BRE.TO,Brookfield Real Estate Services Inc.,TOR,Canada,Property Management,448,,
SQU.DE,VINCI S.A.,GER,Germany,General Contractors,636,,
XXCDB,BOSTON CAP IV 28 LP,PNK,USA,,0,,
JSEJF,JSE Limited,PNK,USA,,0,,
3276.TWO,YEU HWAN TECHNOLOG TWD10,TWO,Taiwan,,0,,
RUBSF,Rubis,PNK,USA,,0,,
AEL,American Equity Investment Life Holding Company,NYQ,USA,Life Insurance,430,,
NSLP,New Source Energy Partners L.P.,PNK,USA,Independent Oil & Gas,121,,
DPZ,"Domino's Pizza, Inc.",NYQ,USA,Restaurants,712,,
QA4A.SG,GENTHERM,STU,Germany,Auto Parts,333,,
5490.TWO,XAC AUTOMATION COR TWD10,TWO,Taiwan,,0,,
CXEE,"China Xuefeng Environmental Engineering, Inc.",OBB,USA,Waste Management,637,,
QMN.AX,Queensland Mining Corporation Limited,ASX,Australia,Copper,131,,
DIV.TO,Diversified Royalty Corp.,TOR,Canada,,0,,
BKJAY,"The Bank of Yokohama, Ltd.",PNK,USA,,0,,
KYN-PE,Kayne Anderson MLP Investment C,NYQ,USA,,0,,
024800.KQ,"YooSung TNS Co., Ltd.
",KOE,South Korea,,0,,
FAC,First Acceptance Corp.,NYQ,USA,Accident & Health Insurance,431,,
6134.TWO,WANSHIH ELECTRONI TWD10,TWO,Taiwan,,0,,
UA.MX,"Under Armour, Inc.",MEX,Mexico,Textile - Apparel Clothing,320,,
4927.TW,"Apex International Co., Ltd.",TAI,Taiwan,,0,,
PPC,Pilgrim's Pride Corporation,NMS,USA,Food - Major Diversified,340,,
KMT.V,"Komet Resources, Inc.",VAN,Canada,Industrial Metals & Minerals,133,,
PSUN,Pacific Sunwear of California Inc.,NMS,USA,Apparel Stores,730,,
SEOTF,SEINO TRANSPORTATION,PNK,USA,,0,,
UAV.V,Red Oak Mining Corp.,VAN,Canada,Independent Oil & Gas,121,,
TAO.TO,TAG Oil Ltd.,TOR,Canada,,0,,
NHO.AX,New Horizon Coal Limited,ASX,Australia,Industrial Metals & Minerals,133,,
717183.TWO,YUANTA SECURITIES C/W 03/08/15(,TWO,Taiwan,,0,,
KAT.TO,Katanga Mining Ltd.,TOR,Canada,Copper,131,,
3PW.BE,XCITE ENERGY,BER,Germany,Independent